hosipital_id,醫療機構代碼,機構名稱,縣市別,評定等級,機構地址,type,type_new,Address,Response_Address,twd_97_x,twd_97_y
156,1231050017,天主教耕莘醫療財團法人耕莘醫院安康院區,新北市,一般級急救責任醫院,新北市新店區安坑段車子路211.217-1.212-1(局部),一般,1,新北市新店區安坑段車子路211.217-1.212-1(局部),找不到指定的門牌地址。,300947.303,2760774.613
108,634030014,臺北榮民總醫院蘇澳分院,宜蘭縣,一般級急救責任醫院,宜蘭縣蘇澳鎮蘇濱路一段301號,一般,1,宜蘭縣蘇澳鎮蘇濱路一段301號,宜蘭縣蘇澳鎮港邊里11鄰蘇濱路一段301號,335926.43,2723300.31
154,1531120038,瑞芳礦工醫院,新北市,一般級急救責任醫院,新北市瑞芳區一坑路71之2號,一般,1,新北市瑞芳區一坑路71之2號,新北市瑞芳區龍川里2鄰一坑路71之2號,330901.377,2778046.964
104,1234020011,財團法人天主教靈醫會羅東聖母醫院,宜蘭縣,中度級急救責任醫院具備急性腦中風及急性冠心症重度級能力,宜蘭縣羅東鎮中正南路160號,中度,2,宜蘭縣羅東鎮中正南路160號,宜蘭縣羅東鎮南昌里6鄰中正南路160號,328003.019,2729604.797
103,1134020019,醫療財團法人羅許基金會羅東博愛醫院,宜蘭縣,重度級急救責任醫院,宜蘭縣羅東鎮南昌街81、83號、站前南路61、63號,重度,3,宜蘭縣羅東鎮南昌街81、83號、站前南路61、63號,宜蘭縣羅東鎮南昌里7鄰南昌街99號,327971.69,2729708.09
107,1534050024,杏和醫院,宜蘭縣,一般級急救責任醫院,宜蘭縣礁溪鄉礁溪路四段129號,一般,1,宜蘭縣礁溪鄉礁溪路四段129號,宜蘭縣礁溪鄉大忠村7鄰礁溪路四段129號,327751.321,2746124.262
105,434010518,國立陽明大學附設醫院,宜蘭縣,中度級急救責任醫院及具備急性腦中風重度級能力,宜蘭縣宜蘭市校舍路169號,中度,2,宜蘭縣宜蘭市校舍路169號,宜蘭縣宜蘭市東村里10鄰校舍路169號,326666,2738305.67
106,1134010022,財團法人蘭陽仁愛醫院,宜蘭縣,一般級急救責任醫院,宜蘭縣宜蘭市中山路二段260號,一般,1,宜蘭縣宜蘭市中山路二段260號,宜蘭縣宜蘭市神農里11鄰中山路二段260號,326308.5,2738158.456
100,111070010,衛生福利部基隆醫院,基隆市,中度級急救責任醫院,基隆市信義區信二路268號,中度,2,基隆市信義區信二路268號,基隆市信義區仁壽里18鄰信二路268號,325457.01,2780436.46
102,511040010,三軍總醫院附設基隆民眾診療服務處,基隆市,一般級急救責任醫院,基隆市仁愛區孝二路39號,一般,1,基隆市仁愛區孝二路39號,基隆市仁愛區同風里10鄰孝二路39號,324560.461,2780261.923
101,1411030013,醫療財團法人臺灣區煤礦業基金會臺灣礦工醫院,基隆市,一般級急救責任醫院,基隆市暖暖區源遠路29號,一般,1,基隆市暖暖區源遠路29號,基隆市暖暖區八堵里2鄰源遠路29之2號,323992.034,2777874.279
1,1111060015,長庚醫療財團法人基隆長庚紀念醫院,基隆市,重度級急救責任醫院,基隆市安樂區麥金路222號,重度,3,基隆市安樂區麥金路222號,基隆市安樂區鶯歌里1鄰麥金路222號,322845.515,2779361.794
109,634070018,臺北榮民總醫院員山分院,宜蘭縣,一般級急救責任醫院,宜蘭縣員山鄉榮光路386號,一般,1,宜蘭縣員山鄉榮光路386號,宜蘭縣員山鄉內城村12鄰榮光路386號,319585.536,2735152.014
145,1131110516,國泰醫療財團法人汐止國泰綜合醫院,新北市,中度級急救責任醫院,新北市汐止區建成路59巷2號,中度,2,新北市汐止區建成路59巷2號,新北市汐止區橋東里36鄰建成路59巷2號,316691.404,2774012.124
116,1145010038,臺灣基督教門諾會醫療財團法人門諾醫院,花蓮縣,中度級（不含高危險妊娠孕產婦及新生兒照護品質）急救責任醫院,花蓮縣花蓮市民權路44號,中度,2,花蓮縣花蓮市民權路44號,花蓮縣花蓮市民立里6鄰民權路44號,313773.441,2653873.059
153,431270012,國立臺灣大學醫學院附設醫院金山分院,新北市,一般級急救責任醫院,新北市金山區五湖里11鄰玉爐路7號,一般,1,新北市金山區五湖里11鄰玉爐路7號,新北市金山區五湖里11鄰玉爐路7號,313312.755,2790234.641
119,145010019,衛生福利部花蓮醫院,花蓮縣,一般級急救責任醫院,花蓮縣花蓮市中正路600號,一般,1,花蓮縣花蓮市中正路600號,花蓮縣花蓮市民生里13鄰中正路600號,312217.789,2652855.252
115,545040515,國軍花蓮總醫院附設民眾診療服務處,花蓮縣,中度級急救責任醫院,花蓮縣新城鄉嘉里路163號,中度,2,花蓮縣新城鄉嘉里路163號,花蓮縣新城鄉嘉里村33鄰嘉里路163號,311786.947,2657861.941
137,1101110026,康寧醫療財團法人康寧醫院,臺北市,一般級急救責任醫院,臺北市內湖區成功路五段420巷26號,一般,1,臺北市內湖區成功路五段420巷26號,臺北市內湖區金湖里12鄰成功路五段420巷26號,311413.086,2774328.426
114,1145010010,佛教慈濟醫療財團法人花蓮慈濟醫院,花蓮縣,重度級急救責任醫院,花蓮縣花蓮市中央路三段707號,重度,3,花蓮縣花蓮市中央路三段707號,花蓮縣花蓮市國慶里11鄰中央路三段707號,310262.399,2654676.935
110,501110514,三軍總醫院附設民眾診療服務處,臺北市,重度級急救責任醫院,臺北市內湖區成功路二段325號,重度,3,臺北市內湖區成功路二段325號,臺北市內湖區寶湖里1鄰成功路二段325號,309720.585,2773861.085
131,101090517,臺北市立聯合醫院忠孝院區,臺北市,中度級急救責任醫院（不含高危險妊娠孕產婦及新生兒（含早產兒））,臺北市南港區同德路87號,中度,2,臺北市南港區同德路87號,臺北市南港區萬福里12鄰同德路87號,309145.013,2771056.834
129,1301170017,臺北醫學大學附設醫院,臺北市,重度級急救責任醫院,臺北市信義區吳興街252號,重度,3,臺北市信義區吳興街252號,臺北市信義區雙和里22鄰吳興街252號,306881.912,2768846.405
127,1301200010,臺北市立萬芳醫院－委託財團法人臺北醫學大學辦理,臺北市,重度級急救責任醫院,臺北市文山區興隆路三段111號,重度,3,臺北市文山區興隆路三段111號,臺北市文山區興光里7鄰興隆路三段111號,306358.293,2765927.541
138,1501010010,博仁綜合醫院,臺北市,一般級急救責任醫院,臺北市松山區光復北路66-68號,一般,1,臺北市松山區光復北路66-68號,臺北市松山區復勢里18鄰光復北路66號,306271.548,2771420.946
135,501010019,三軍總醫院松山分院附設民眾診療服務處,臺北市,中度級（不含高危險妊娠孕產婦及新生兒照護品質）急救責任醫院,臺北市松山區健康路131號,中度,2,臺北市松山區健康路131號,臺北市松山區龍田里14鄰健康路131號,306270.665,2771868.07
125,1101020018,國泰醫療財團法人國泰綜合醫院,臺北市,重度級急救責任醫院,臺北市大安區仁愛路四段266巷6號、280號,重度,3,臺北市大安區仁愛路四段266巷6號、280號,臺北市大安區敦煌里17鄰仁愛路四段266巷6號,305783.53,2770009.419
130,1101010012,長庚醫療財團法人台北長庚紀念醫院,臺北市,中度級急救責任醫院,臺北市松山區敦化北路199號,中度,2,臺北市松山區敦化北路199號,臺北市松山區中華里4鄰敦化北路199號,305454.001,2772038.386
128,1101010021,基督復臨安息日會醫療財團法人臺安醫院,臺北市,中度級急救責任醫院,臺北市松山區八德路二段424、426號,中度,2,臺北市松山區八德路二段424、426號,臺北市松山區中正里2鄰八德路二段449號,305225.73,2771239.969
3,101090517,臺北市立聯合醫院仁愛院區,臺北市,中度級急救責任醫院（不含高危險妊娠孕產婦及新生兒照護品質）,臺北市大安區仁愛路四段10號,中度,2,臺北市大安區仁愛路四段10號,臺北市大安區仁慈里16鄰仁愛路四段10號,305026.605,2770046.393
141,1131050515,佛教慈濟醫療財團法人台北慈濟醫院,新北市,重度級急救責任醫院,新北市新店區建國路289號,重度,3,新北市新店區建國路289號,新北市新店區復興里13鄰建國路289號,304091.164,2764309.456
143,1231050017,天主教耕莘醫療財團法人耕莘醫院,新北市,中度級及具備重大外傷、高危險妊娠孕產婦及新生兒重度級能力,新北市新店區中正路362號,中度,2,新北市新店區中正路362號,新北市新店區百和里14鄰中正路362號,304076.344,2763235.299
132,101090517,臺北市立聯合醫院陽明院區,臺北市,中度級（不含高危險妊娠孕產婦及新生兒照護品質）急救責任醫院,臺北市士林區雨聲街105號,中度,2,臺北市士林區雨聲街105號,臺北市士林區岩山里7鄰雨聲街105號,303610.949,2777534.648
120,145080011,衛生福利部花蓮醫院豐濱原住民分院,花蓮縣,一般級急救責任醫院,花蓮縣豐濱鄉光豐路41號,一般,1,花蓮縣豐濱鄉光豐路41號,花蓮縣豐濱鄉豐濱村31鄰光豐路41號,303201,2611041
126,1101100011,台灣基督長老教會馬偕醫療財團法人馬偕紀念醫院,臺北市,重度級急救責任醫院,臺北市中山區中山北路二段92號,重度,3,臺北市中山區中山北路二段92號,臺北市中山區集英里7鄰中山北路二段92號,302722.303,2772401.546
134,1101160017,振興醫療財團法人振興醫院,臺北市,中度級急救責任醫院及具備急性腦中風、急性冠心症照護品質重度級能力,臺北市北投區振興街45號,中度,2,臺北市北投區振興街45號,臺北市北投區榮華里2鄰振興街45號,302681.293,2778898.838
124,1101150011,新光醫療財團法人新光吳火獅紀念醫院,臺北市,重度級急救責任醫院,臺北市士林區文昌路95號,重度,3,臺北市士林區文昌路95號,臺北市士林區福佳里20鄰文昌路95號,302477.417,2776538.51
111,601160016,臺北榮民總醫院,臺北市,重度級急救責任醫院,臺北市北投區石牌路二段201號,重度,3,臺北市北投區石牌路二段201號,臺北市北投區永欣里3鄰石牌路二段201號,302354.393,2779079.206
2,401180014,國立臺灣大學醫學院附設醫院,臺北市,重度級急救責任醫院,臺北市中正區中山南路7號,重度,3,臺北市中正區中山南路7號,臺北市中正區東門里3鄰中山南路7號,302326.409,2770394.198
147,1231030015,天主教耕莘醫療財團法人永和耕莘醫院,新北市,中度級急救責任醫院,新北市永和區中興街80號,中度,2,新北市永和區中興街80號,新北市永和區永興里25鄰中興街80號,302269.181,2767192.65
136,101090517,臺北市立聯合醫院中興院區,臺北市,中度級急救責任醫院（不含高危險妊娠孕產婦及新生兒照護品質）,臺北市大同區鄭州路145號,中度,2,臺北市大同區鄭州路145號,臺北市大同區玉泉里9鄰鄭州路145號,301346.428,2771488.92
133,101090517,臺北市立聯合醫院和平院區,臺北市,中度級（不含高危險妊娠孕產婦及新生兒照護品質）急救責任醫院,臺北市中正區中華路2段33號,中度,2,臺北市中正區中華路2段33號,臺北市中正區愛國里3鄰中華路二段33號,301132.27,2769815.431
139,1501190031,西園醫院,臺北市,一般級急救責任醫院,臺北市萬華區西園路二段266-274號、185、187、189號,一般,1,臺北市萬華區西園路二段266-274號、185、187、189號,臺北市萬華區和德里2鄰西園路二段266號,299904.166,2768945.048
142,1331040513,衛生福利部雙和醫院（委託臺北醫學大學興建經營）,新北市,重度級急救責任醫院,新北市中和區中正路291號,重度,3,新北市中和區中正路291號,新北市中和區力行里33鄰中正路291號,299875.538,2765175.701
4,131020016,新北市立聯合醫院三重院區,新北市,中度級（不含高危險妊娠孕產婦及新生兒照護品質）急救責任醫院,新北市三重區新北大道一段3號,中度,2,新北市三重區新北大道一段3號,新北市三重區中山里17鄰新北大道一段3號,299521.367,2772609.455
150,1531010279,板橋中興醫院,新北市,一般級急救責任醫院,新北市板橋區忠孝路15號,一般,1,新北市板橋區忠孝路15號,新北市板橋區福星里19鄰忠孝路15號,296461.462,2766076.634
146,1131100010,台灣基督長老教會馬偕醫療財團法人淡水馬偕紀念醫院,新北市,重度級急救責任醫院,新北市淡水區民生路45號,重度,3,新北市淡水區民生路45號,新北市淡水區民生里19鄰民生路45號,296430.439,2781312.109
148,131060029,衛生福利部臺北醫院,新北市,中度級急救責任醫院,新北市新莊區思源路127號,中度,2,新北市新莊區思源路127號,新北市新莊區思源里3鄰思源路127號,296378.374,2770645.79
149,131020016,新北市立聯合醫院板橋院區,新北市,一般級急救責任醫院,新北市板橋區英士路198號,一般,1,新北市板橋區英士路198號,新北市板橋區德翠里11鄰英士路198號,296192.549,2768478.877
140,1131010011,醫療財團法人徐元智先生醫藥基金會亞東紀念醫院,新北市,重度級急救責任醫院,新北市板橋區南雅南路二段21號,重度,3,新北市板橋區南雅南路二段21號,新北市板橋區華東里8鄰南雅南路二段21號,295657.652,2765556.146
118,645020015,臺北榮民總醫院鳳林分院,花蓮縣,一般級急救責任醫院,花蓮縣鳳林鎮中正路一段2號,一般,1,花蓮縣鳳林鎮中正路一段2號,花蓮縣鳳林鎮鳳信里18鄰中正路一段2號,294780.4,2624906.126
151,1531060180,新泰綜合醫院,新北市,一般級急救責任醫院,新北市新莊區新樹路176號,一般,1,新北市新莊區新樹路176號,新北市新莊區西盛里3鄰新樹路176號,293832.175,2768236.277
157,1331160010,輔仁大學學校財團法人輔仁大學附設醫院,新北市,一般級急救責任醫院,新北市貴子路69號,一般,1,新北市貴子路69號,新北市泰山區貴賢里9鄰貴子路69號,293471.178,2770241.304
152,1531071030,仁愛醫院,新北市,一般級急救責任醫院,新北市樹林區文化街9號(地下1、2樓及地上1樓-8樓),一般,1,新北市樹林區文化街9號(地下1、2樓及地上1樓-8樓),新北市樹林區樹南里1鄰文化街9號,292403.396,2764424.169
155,131060010,衛生福利部樂生療養院,新北市,一般級急救責任醫院,新北市新莊區中正路794號；桃園縣龜山鄉萬壽路1段50巷2號,一般,1,新北市新莊區中正路794號；桃園縣龜山鄉萬壽路1段50巷2號,新北市新莊區丹鳳里7鄰中正路694巷50號,292183.13,2769092.902
160,1132070011,長庚醫療財團法人林口長庚紀念醫院,桃園市,重度級急救責任醫院,桃園市龜山區公西里復興街5號、5之7號,重度,3,桃園市龜山區公西里復興街5號、5之7號,桃園市龜山區公西里10鄰復興街5號,287155.56,2772767.63
144,1131090019,行天宮醫療志業醫療財團法人恩主公醫院,新北市,中度級（不含高危險妊娠孕產婦及新生兒照護品質）及具備急性腦中風重度級能力,新北市三峽區復興路399號,中度,2,新北市三峽區復興路399號,新北市三峽區鳶山里13鄰復興路399號,286660.446,2759002.025
163,632010014,臺北榮民總醫院桃園分院,桃園市,中度級（不含高危險妊娠孕產婦及新生兒照護品質）急救責任醫院,桃園市桃園區成功路三段100號,中度,2,桃園市桃園區成功路三段100號,桃園市桃園區三元里8鄰成功路三段100號,282836.409,2766231.285
121,1145030012,佛教慈濟醫療財團法人玉里慈濟醫院,花蓮縣,一般級急救責任醫院,花蓮縣玉里鎮民權街1之1號,一般,1,花蓮縣玉里鎮民權街1之1號,花蓮縣玉里鎮國武里13鄰民權街1之1號,282571.845,2581377.848
117,645030011,臺北榮民總醫院玉里分院,花蓮縣,一般級急救責任醫院具備急診、急性腦中風、高危險妊娠孕產婦及新生兒（含早產兒）及加護病房中度級能力,花蓮縣玉里鎮新興街91號,一般,1,花蓮縣玉里鎮新興街91號,花蓮縣玉里鎮泰昌里14鄰新興街91號,281906.679,2581880.411
161,1132010024,沙爾德聖保祿修女會醫療財團法人聖保祿醫院,桃園市,中度級（不含高危險妊娠孕產婦及新生兒照護品質）急救責任醫院,桃園市桃園區建新街123號,中度,2,桃園市桃園區建新街123號,桃園市桃園區福安里19鄰建新街123號,281549.103,2763832.932
164,1532011154,敏盛綜合醫院,桃園市,中度級（不含高危險妊娠孕產婦及新生兒照護品質）急救責任醫院,桃園市桃園區經國路168號,中度,2,桃園市桃園區經國路168號,桃園市桃園區新埔里20鄰經國路168號,280915.4,2767610.594
162,132010014,衛生福利部桃園醫院,桃園市,重度級急救責任醫院,桃園市桃園區中山路1492號,重度,3,桃園市桃園區中山路1492號,桃園市桃園區龍山里8鄰中山路1492號,277066.225,2763334.868
5,532090029,國軍桃園總醫院附設民眾診療服務處,桃園市,中度級（不含高危險妊娠孕產婦及新生兒照護品質）急救責任醫院,桃園市龍潭區中興路168號,中度,2,桃園市龍潭區中興路168號,桃園市龍潭區東興里12鄰中興路167號,273914.21,2751915.58
165,932020025,天成醫療社團法人天晟醫院,桃園市,中度級急救責任醫院（不含高危險妊娠孕產婦及新生兒（含早產兒））,桃園市中壢區延平路155號,中度,2,桃園市中壢區延平路155號,桃園市中壢區新街里7鄰延平路155號,273155.276,2761676.217
166,1532100049,壢新醫院,桃園市,中度級急救責任醫院（不含高危險妊娠孕產婦及新生兒照護品質）及具備急性腦中風重度級能力,桃園市平鎮區廣泰路77號,中度,2,桃園市平鎮區廣泰路77號,桃園市平鎮區義民里14鄰廣泰路77號,270697.67,2759825.31
197,1146030516,佛教慈濟醫療財團法人關山慈濟醫院,臺東縣,一般級急救責任醫院,臺東縣關山鎮和平路125之5號,一般,1,臺東縣關山鎮和平路125之5號,臺東縣關山鎮豐泉里11鄰和平路125之5號,267079.447,2550629.138
167,1532040039,天成醫院,桃園市,一般級急救責任醫院,桃園市楊梅區中山北路一段356號,一般,1,桃園市楊梅區中山北路一段356號,桃園市楊梅區中山里17鄰中山北路一段356號,265871.34,2755690.14
168,1532040066,怡仁綜合醫院,桃園市,一般級急救責任醫院,桃園市楊梅區楊新北路321巷30號,一般,1,桃園市楊梅區楊新北路321巷30號,桃園市楊梅區大同里2鄰楊新北路321巷30號,265699.37,2756587.97
198,146010013,衛生福利部臺東醫院,臺東縣,一般級急救責任醫院具備加護病房中度級能力,臺東縣臺東市五權街1號,一般,1,臺東縣臺東市五權街1號,臺東縣臺東市民權里五權街1號,265470.844,2517386.078
123,1146010032,東基醫療財團法人台東基督教醫院,臺東縣,一般級急救責任醫院,臺東縣臺東市開封街350號,一般,1,臺東縣臺東市開封街350號,臺東縣臺東市新生里39鄰開封街350號,264994.339,2518138.095
122,1146010014,台灣基督長老教會馬偕醫療財團法人台東馬偕紀念醫院,臺東縣,中度級急救責任醫院及具備急性腦中風重度級能力,臺東縣臺東市長沙街303巷1號,中度,2,臺東縣臺東市長沙街303巷1號,臺東縣臺東市東海里長沙街289號,264459.237,2516631.326
199,646010013,臺北榮民總醫院臺東分院,臺東縣,一般級急救責任醫院,臺東縣臺東市更生路1000號,一般,1,臺東縣臺東市更生路1000號,臺東縣臺東市南榮里3鄰更生路1000號,263598.459,2519080.812
169,132110519,衛生福利部桃園醫院新屋分院,桃園市,一般級急救責任醫院,桃園市新屋區新褔二路6號,一般,1,桃園市新屋區新福二路6號,桃園市新屋區新屋里14鄰新福二路6號,260822.265,2762443.082
175,633030010,臺北榮民總醫院新竹分院,新竹縣,一般級急救責任醫院具備急診、緊急外傷及加護病房中度級能力,新竹縣竹東鎮中豐路一段81號,一般,1,新竹縣竹東鎮中豐路一段81號,新竹縣竹東鎮東寧里3鄰中豐路一段81號,260073.526,2735067.803
176,433030016,國立臺灣大學醫學院附設醫院竹東分院,新竹縣,一般級急救責任醫院具備急診、急性冠心症及加護病房中度級能力,新竹縣竹東鎮至善路52號,一般,1,新竹縣竹東鎮至善路52號,新竹縣竹東鎮上?里9鄰至善路52號,259465.446,2734621.418
177,1133060019,天主教仁慈醫療財團法人仁慈醫院,新竹縣,一般級急救責任醫院具備急診及急性腦中風、急性冠心症中度級能力,新竹縣湖口鄉忠孝路29號,一般,1,新竹縣湖口鄉忠孝路29號,新竹縣湖口鄉孝勢村15鄰忠孝路29號,254592.211,2754763.997
174,1533050039,東元綜合醫院,新竹縣,重度級急救責任醫院,新竹縣竹北市縣政二路69號,重度,3,新竹縣竹北市縣政二路69號,新竹縣竹北市斗崙里2鄰縣政二路68號,251450.953,2746215.194
32,638020014,臺中榮民總醫院埔里分院,南投縣,一般級急救責任醫院具備急診、急性腦中風及加護病房中度級能力,南投縣埔里鎮蜈蚣里榮光路1號,一般,1,南投縣埔里鎮蜈蚣里榮光路1號,南投縣埔里鎮蜈蚣里14鄰榮光路1號,249675.48,2652343.36
171,1112010519,台灣基督長老教會馬偕醫療財團法人新竹馬偕紀念醫院,新竹市,中度級急救責任醫院及具備急性腦中風、高危險妊娠孕產婦及新生兒（含早產兒）重度級能力,新竹市東區光復里光復路二段690號,中度,2,新竹市東區光復里光復路二段690號,新竹市東區光復里10鄰光復路二段690號,249067.92,2743635.33
170,412040012,國立臺灣大學醫學院附設醫院新竹分院,新竹市,重度級急救責任醫院,新竹市北區金華里經國路一段442巷25號,重度,3,新竹市北區金華里經國路一段442巷25號,新竹市北區金華里21鄰經國路一段442巷25號,247970.13,2745476.24
173,1512011185,南門綜合醫院,新竹市,一般級急救責任醫院,新竹市東區成功里林森路20號,一般,1,新竹市東區成功里林森路20號,新竹市東區成功里4鄰林森路20號,246934.84,2743871.69
172,1112010528,國泰醫療財團法人新竹國泰綜合醫院,新竹市,中度級（不含高危險妊娠孕產婦及新生兒照護品質）急救責任醫院,新竹市東區福德里中華路2段678號及678號之1,中度,2,新竹市東區福德里中華路2段678號及678號之1,新竹市東區福德里7鄰中華路二段678之1號,246454.46,2743486.34
6,512040014,國軍新竹地區醫院附設民眾診療服務處,新竹市,一般級急救責任醫院,新竹市北區武陵路3號,一般,1,新竹市北區武陵路3號,新竹市北區水田里19鄰武陵路2之1號,246198.12,2745328.65
27,1138020015,埔基醫療財團法人埔里基督教醫院,南投縣,中度級急救責任醫院,南投縣埔里鎮鐵山路1號,中度,2,南投縣埔里鎮鐵山路1號,南投縣埔里鎮愛蘭里1鄰鐵山路1號,244586.03,2651804.55
181,1135050020,財團法人為恭紀念醫院,苗栗縣,中度級（不含高危險妊娠孕產婦及新生兒照護品質）急救責任醫院,苗栗縣頭份鎮信義路128號,中度,2,苗栗縣頭份鎮信義路128號,苗栗縣頭份市東庄里5鄰信義路128號,240623.896,2731123.698
182,1535081078,大順醫院,苗栗縣,一般級急救責任醫院,苗栗縣大湖鄉中正路48之5號,一般,1,苗栗縣大湖鄉中正路48之5號,苗栗縣大湖鄉大湖村6鄰中正路48之5號,236570.11,2701810.52
178,135010016,衛生福利部苗栗醫院,苗栗縣,中度級急救責任醫院,苗栗縣苗栗市為公路747號,中度,2,苗栗縣苗栗市為公路747號,苗栗縣苗栗市嘉盛里18鄰為公路747號,233835.564,2718787.053
14,1436020013,東勢區農會附設農民醫院,臺中市,一般級急救責任醫院,臺中市東勢區豐勢路297號,一般,1,臺中市東勢區豐勢路297號,臺中市東勢區延平里7鄰豐勢路296號,232729.49,2683011.454
180,1535010051,大千綜合醫院,苗栗縣,中度級急救責任醫院,苗栗縣苗栗市恭敬路36號,中度,2,苗栗縣苗栗市恭敬路36號,苗栗縣苗栗市恭敬里2鄰恭敬路36號,231247.745,2715955.44
97,1143040010,恆基醫療財團法人恆春基督教醫院,屏東縣,一般級急救責任醫院,屏東縣恆春鎮山腳里恆西路21號,一般,1,屏東縣恆春鎮山腳里恆西路21號,屏東縣恆春鎮山腳里33鄰瓻n路21號,223915.61,2432540.46
96,943040015,南門醫療社團法人南門醫院,屏東縣,一般級急救責任醫院具備急診及重大外傷中度級能力,屏東縣恆春鎮南門路10號,一般,1,屏東縣恆春鎮南門路10號,屏東縣恆春鎮城南里6鄰南門路10號,223711.02,2433674.02
95,143040019,衛生福利部恆春旅遊醫院,屏東縣,一般級急救責任醫院具備急診及急性腦中風、重大外傷中度級能力,屏東縣恆春鎮山腳里恆南路188號,一般,1,屏東縣恆春鎮山腳里恆南路188號,屏東縣恆春鎮山腳里2鄰瓻n路188號,223660.59,2433488.6
8,536190011,國軍臺中總醫院附設民眾診療服務處,臺中市,中度級急救責任醫院（不含高危險妊娠孕產婦及新生兒照護品質）及具備急性冠心症重度級能力,臺中市太平區中山路二段348號,中度,2,臺中市太平區中山路二段348號,臺中市太平區光明里17鄰中山路二段348號,222572.05,2671751.97
191,136010010,衛生福利部豐原醫院,臺中市,中度級（不含高危險妊娠孕產婦及新生兒照護品質）急救責任醫院,臺中市豐原區安康路100號,中度,2,臺中市豐原區安康路100號,臺中市豐原區南陽里10鄰安康路100號,222103.33,2681930.15
189,1136090519,佛教慈濟醫療財團法人台中慈濟醫院,臺中市,中度級急救責任醫院,臺中市潭子區豐興路一段66號、88號,中度,2,臺中市潭子區豐興路一段66號、88號,臺中市潭子區聚興里8鄰豐興路一段66號,221590.02,2676520.785
15,1503190020,長安醫院,臺中市,一般級急救責任醫院,臺中市太平區永平路1段9號,一般,1,臺中市太平區永平路1段9號,臺中市太平區永平里5鄰永平路一段9號,221513.78,2669575.456
30,1538041101,竹山秀傳醫院,南投縣,中度級急救責任醫院（不含高危險妊娠孕產婦及新生兒照護品質）,南投縣竹山鎮集山路二段75號,中度,2,南投縣竹山鎮集山路二段75號,南投縣竹山鎮山崇里9鄰集山路二段75號,220868.99,2632919.93
16,1303180011,亞洲大學附屬醫院,臺中市,中度級急救責任醫院,臺中市霧峰區福新路222號,中度,2,臺中市霧峰區福新路222號,臺中市霧峰區南柳里12鄰福新路222號,218083.53,2660990.634
28,138010027,衛生福利部南投醫院,南投縣,中度級急救責任醫院,南投縣南投市復興路478號,中度,2,南投縣南投市復興路478號,南投縣南投市康壽里1鄰復興路478號,217960,2645545
31,1538010026,南基醫院,南投縣,一般級急救責任醫院,南投縣南投市中興路870號,一般,1,南投縣南投市中興路870號,南投縣南投市嘉和里7鄰中興路870號,217811,2643855
194,1517011112,澄清綜合醫院,臺中市,中度級急救責任醫院（不含高危險妊娠孕產婦及新生兒照護品質）,臺中市中區平等街139號,中度,2,臺中市中區平等街139號,臺中市中區光復里22鄰平等街139號,217642.224,2670852.91
29,938030016,佑民醫療社團法人佑民醫院,南投縣,中度級急救責任醫院（不含高危險妊娠孕產婦及新生兒（含早產兒））具備急性腦中風重度級能力,南投縣草屯鎮太平路一段200號,中度,2,南投縣草屯鎮太平路一段200號,南投縣草屯鎮山腳里28鄰太平路一段200號,217622.06,2650689.03
7,1317050017,中國醫藥大學附設醫院,臺中市,重度級急救責任醫院,臺中市北區育德路2號,重度,3,臺中市北區育德路2號,臺中市北區邱厝里14鄰育德路1號,217573.981,2672471.733
192,1136200015,仁愛醫療財團法人大里仁愛醫院,臺中市,中度級（不含高危險妊娠孕產婦及新生兒照護品質）急救責任醫院,臺中市大里區東榮路483號,中度,2,臺中市大里區東榮路483號,臺中市大里區國光里2鄰東榮路483號,217514.22,2667160.59
183,1535031041,通霄光田醫院,苗栗縣,一般級急救責任醫院,苗栗縣通霄鎮中山路88號 　,一般,1,苗栗縣通霄鎮中山路88號 　,苗栗縣通霄鎮通西里22鄰中山路88號,217402.296,2709218.091
193,117030010,衛生福利部臺中醫院,臺中市,中度級（不含高危險妊娠孕產婦及新生兒照護品質）急救責任醫院,臺中市西區廣民里三民路1段199號,中度,2,臺中市西區廣民里三民路1段199號,臺中市西區廣民里2鄰三民路一段199號,217042.009,2670591.075
13,1536100081,清泉醫院,臺中市,一般級急救責任醫院,臺中市大雅區三和里雅潭路四段80號,一般,1,臺中市大雅區三和里雅潭路四段80號,臺中市大雅區三和里4鄰雅潭路四段80號,216122.749,2679089.711
179,935020027,李綜合醫療社團法人苑裡李綜合醫院,苗栗縣,中度級急救責任醫院,苗栗縣苑裡鎮和平路168號,中度,2,苗栗縣苑裡鎮和平路168號,苗栗縣苑裡鎮苑南里10鄰和平路168號,214788.745,2703998.952
188,1317040011,中山醫學大學附設醫院,臺中市,重度級急救責任醫院,臺中市南區建國北路一段110號,重度,3,臺中市南區建國北路一段110號,臺中市南區樹德里7鄰建國北路一段110號,214413.698,2668551.587
195,917070029,林新醫療社團法人林新醫院,臺中市,中度級急救責任醫院（不含高危險妊娠孕產婦及新生兒照護品質）,臺中市南屯區惠中路三段36號,中度,2,臺中市南屯區惠中路三段36號,臺中市南屯區三和里31鄰惠中路三段36號,213435.63,2671575.651
196,936030018,李綜合醫療社團法人大甲李綜合醫院,臺中市,中度級急救責任醫院（不含高危險妊娠孕產婦及新生兒照護品質）,臺中市大甲區八德街2號,中度,2,臺中市大甲區八德街2號,臺中市大甲區平安里12鄰八德街2號,211247.99,2693925.57
187,936050029,光田醫療社團法人光田綜合醫院大甲院區,臺中市,重度級急救責任醫院,臺中市大甲區經國路321號,重度,3,臺中市大甲區經國路321號,臺中市大甲區新美里21鄰經國路321號,211103.01,2693460.12
190,1517061032,澄清綜合醫院中港分院,臺中市,重度級急救責任醫院,臺中市西屯區臺灣大道4段966號,重度,3,臺中市西屯區臺灣大道4段966號,臺中市西屯區福林里4鄰臺灣大道四段966號,211091.417,2675327.104
184,617060018,臺中榮民總醫院,臺中市,重度級急救責任醫院,臺中市西屯區臺灣大道4段1650號,重度,3,臺中市西屯區臺灣大道4段1650號,臺中市西屯區福聯里7鄰臺灣大道四段1650號,209833.481,2675490.683
17,903150014,林新醫療社團法人烏日林新醫院,臺中市,一般級急救責任醫院,臺中市榮和路168號,一般,1,臺中市榮和路168號,臺中市烏日區榮泉里19鄰榮和路168號,209131.764,2667215.688
98,643130018,高雄榮民總醫院屏東分院,屏東縣,一般級急救責任醫院,屏東縣內埔鄉龍潭村昭勝路安平1巷1號,一般,1,屏東縣內埔鄉龍潭村昭勝路安平1巷1號,屏東縣內埔鄉龍潭村12鄰昭勝路287巷1號,208959.69,2508362.41
93,1543110033,大新醫院,屏東縣,一般級急救責任醫院,屏東縣高樹鄉長榮村興中路208號,一般,1,屏東縣高樹鄉長榮村興中路208號,屏東縣高樹鄉長榮村13鄰興中路208號,208905.47,2524826.99
89,943160012,枋寮醫療社團法人枋寮醫院,屏東縣,中度級（不含高危險妊娠孕產婦及新生兒照護品質）急救責任醫院,屏東縣枋寮鄉安樂村中山路139號,中度,2,屏東縣枋寮鄉安樂村中山路139號,屏東縣枋寮鄉安樂村13鄰中山路137之1號,208475.52,2473930.92
9,1537070028,仁和醫院,彰化縣,一般級急救責任醫院,彰化縣田中鎮中州路一段157號,一般,1,彰化縣田中鎮中州路一段157號,彰化縣田中鎮中路里16鄰中州路一段157號,208026.667,2639360.883
12,937050014,員榮醫療社團法人員榮醫院,彰化縣,一般級急救責任醫院,彰化縣員林鎮中正路201號,一般,1,彰化縣員林鎮中正路201號,彰化縣員林市黎明里15鄰中正路201號,206723.22,2649955.16
10,1137050019,彰化基督教醫療財團法人員林基督教醫院,彰化縣,中度級急救責任醫院,彰化縣員林鎮南平里莒光路456號,中度,2,彰化縣員林鎮南平里莒光路456號,彰化縣員林市南平里28鄰莒光路456號,205928.19,2650965.48
26,1537051292,員生醫院,彰化縣,一般級急救責任醫院,彰化縣員林市莒光路359號,一般,1,彰化縣員林市莒光路359號,彰化縣員林市新生里28鄰莒光路359號,205871.05,2650578.02
186,936050029,光田醫療社團法人光田綜合醫院沙鹿總院,臺中市,重度級急救責任醫院,臺中市沙鹿區沙田路117號（含大同街5-2號）,重度,3,臺中市沙鹿區沙田路117號（含大同街5-2號）,臺中市沙鹿區興安里19鄰沙田路117號,205196.588,2681155.512
18,1137010024,彰化基督教醫療財團法人彰化基督教醫院,彰化縣,重度級急救責任醫院,彰化縣彰化市南校街135號,重度,3,彰化縣彰化市南校街135號,彰化縣彰化市光南里15鄰南校街135號,203678.07,2663015.59
35,439010527,國立成功大學醫學院附設醫院斗六分院,雲林縣,一般級急救責任醫院具備急診及加護病房中度級能力,雲林縣斗六市莊敬路345號,一般,1,雲林縣斗六市莊敬路345號,雲林縣斗六市公正里1鄰莊敬路345號,203665.368,2622220.555
185,936060016,童綜合醫療社團法人童綜合醫院,臺中市,重度級急救責任醫院,臺中市梧棲區臺灣大道八段699號,重度,3,臺中市梧棲區臺灣大道八段699號,臺中市梧棲區大庄里7鄰臺灣大道八段699號,203542.826,2682485.969
94,943020013,安泰醫療社團法人潮州安泰醫院,屏東縣,一般級急救責任醫院具備急診、加護病房中度級能力,屏東縣潮州鎮三星里四維路162號,一般,1,屏東縣潮州鎮三星里四維路162號,屏東縣潮州鎮三星里16鄰四維路162號,203406.73,2494971.65
19,937010019,秀傳醫療社團法人秀傳紀念醫院,彰化縣,重度級急救責任醫院,彰化縣彰化市南瑤里中山路1段542號,重度,3,彰化縣彰化市南瑤里中山路1段542號,彰化縣彰化市南?里13鄰中山路一段542號,202968.58,2662275.44
21,137170515,衛生福利部彰化醫院,彰化縣,中度級急救責任醫院（不含高危險妊娠孕產婦及新生兒（含早產兒））,彰化縣埔心鄉中正路二段80號,中度,2,彰化縣埔心鄉中正路二段80號,彰化縣埔心鄉舊?村4鄰中正路二段80號,201887.777,2649591.222
33,439010518,國立臺灣大學醫學院附設醫院雲林分院,雲林縣,重度級急救責任醫院,雲林縣斗六市雲林路二段579號,重度,3,雲林縣斗六市雲林路二段579號,雲林縣斗六市鎮西里14鄰雲林路二段579號,201654.91,2621621.08
24,1537040066,卓醫院,彰化縣,一般級急救責任醫院,彰化縣北斗鎮中山路一段311號,一般,1,彰化縣北斗鎮中山路一段311號,彰化縣北斗鎮西安里1鄰中山路一段311號,200661.383,2640962.807
92,1543010109,國仁醫院,屏東縣,中度級（不含高危險妊娠孕產婦及新生兒照護品質）急救責任醫院,屏東縣屏東市民生東路12之2號,中度,2,屏東縣屏東市民生東路12之2號,屏東縣屏東市瑞光里13鄰民生東路12之2號,200114.9,2506527.7
48,640140012,臺中榮民總醫院灣橋分院,嘉義縣,一般級急救責任醫院,嘉義縣竹崎鄉灣橋村石麻園38號,一般,1,嘉義縣竹崎鄉灣橋村石麻園38號,嘉義縣竹崎鄉灣橋村15鄰石麻園38號,199581.08,2598384.7
90,1143010012,屏基醫療財團法人屏東基督教醫院,屏東縣,中度級（不含高危險妊娠孕產婦及新生兒照護品質）急救責任醫院,屏東縣屏東市大連路60號,中度,2,屏東縣屏東市大連路60號,屏東縣屏東市華山里16鄰大連路60號,198864.99,2509143.79
25,937030012,道周醫療社團法人道周醫院,彰化縣,一般級急救責任醫院,彰化縣和美鎮和光路180號、和善路118號,一般,1,彰化縣和美鎮和光路180號、和善路118號,彰化縣和美鎮面前里12鄰和光路180號,198345.32,2667362.32
88,143010011,衛生福利部屏東醫院,屏東縣,中度級（不含高危險妊娠孕產婦及新生兒照護品質）急救責任醫院,屏東縣屏東市自由路270號,中度,2,屏東縣屏東市自由路270號,屏東縣屏東市興樂里12鄰自由路270號,198163.13,2508191.36
99,543010019,國軍高雄總醫院附設屏東民眾診療服務處,屏東縣,一般級急救責任醫院,屏東縣屏東市大湖路58巷22號,一般,1,屏東縣屏東市大湖路58巷22號,屏東縣屏東市龍華里2鄰大湖路58巷22號,197328.82,2503791.46
11,1537061065,道安醫院,彰化縣,一般級急救責任醫院,彰化縣溪湖鎮彰水路三段362號,一般,1,彰化縣溪湖鎮彰水路三段362號,彰化縣溪湖鎮光平里2鄰彰水路三段362號,197098.257,2650861.527
87,943010017,寶建醫療社團法人寶建醫院,屏東縣,中度級急救責任醫院（不含高危險妊娠孕產婦及新生兒照護品質）,屏東縣屏東市中山路123號,中度,2,屏東縣屏東市中山路123號,屏東縣屏東市空翔里21鄰中山路123號,197023.76,2509140.75
70,142030019,衛生福利部旗山醫院,高雄市,中度級急救責任醫院,高雄市旗山區中學路60號,中度,2,高雄市旗山區中學路60號,高雄市旗山區大德里2鄰中學路60號,196982.561,2531165.037
41,1122010021,天主教中華聖母修女會醫療財團法人天主教聖馬爾定醫院,嘉義市,中度級急救責任醫院及具備急性腦中風重度級能力,嘉義市東區短竹里大雅路二段565號,中度,2,嘉義市東區短竹里大雅路二段565號,嘉義市東區短竹里11鄰大雅路二段625號,195481.7,2597188.88
46,1140030012,佛教慈濟醫療財團法人大林慈濟醫院,嘉義縣,重度級急救責任醫院,嘉義縣大林鎮平林里民生路2號,重度,3,嘉義縣大林鎮平林里民生路2號,嘉義縣大林鎮平林里7鄰民生路2號,194628.67,2610421.98
86,943030019,安泰醫療社團法人安泰醫院,屏東縣,重度級急救責任醫院,屏東縣東港鎮中正路一段210號,重度,3,屏東縣東港鎮中正路一段210號,屏東縣東港鎮興東里26鄰中正路一段210號,194340.91,2486176.06
44,1522011115,陽明醫院,嘉義市,一般級急救責任醫院,嘉義市東區吳鳳北路252號,一般,1,嘉義市東區吳鳳北路252號,嘉義市東區東興里15鄰吳鳳北路252號,194145.078,2597605.872
40,1122010012,戴德森醫療財團法人嘉義基督教醫院,嘉義市,重度級急救責任醫院,嘉義市東區中庄里忠孝路539號,重度,3,嘉義市東區中庄里忠孝路539號,嘉義市東區中庄里14鄰忠孝路539號,193832.308,2599692.392
91,1343030018,輔英科技大學附設醫院,屏東縣,中度級（不含高危險妊娠孕產婦及新生兒照護品質）急救責任醫院,屏東縣東港鎮中山路5號,中度,2,屏東縣東港鎮中山路5號,屏東縣東港鎮興臺里16鄰中山路5號,193679.3,2485167.86
36,1139040011,彰化基督教醫療財團法人雲林基督教醫院,雲林縣,中度級（不含高危險妊娠孕產婦及新生兒照護品質）急救責任醫院,雲林縣西螺鎮新豐里市場南路375號,中度,2,雲林縣西螺鎮新豐里市場南路375號,雲林縣西螺鎮新豐里12鄰市場南路371之1號,193088.5,2630904.58
23,1137020520,彰化基督教醫療財團法人鹿港基督教醫院,彰化縣,中度級急救責任醫院（不含高危險妊娠孕產婦及新生兒照護品質）,彰化縣鹿港鎮中正路480號,中度,2,彰化縣鹿港鎮中正路480號,彰化縣鹿港鎮永安里12鄰中正路480號,192868.79,2661824.14
34,1139030015,天主教若瑟醫療財團法人若瑟醫院,雲林縣,中度級急救責任醫院及具備高危險妊娠孕產婦及新生兒（含早產兒）重度級能力,雲林縣虎尾鎮新生路74號,中度,2,雲林縣虎尾鎮新生路74號,雲林縣虎尾鎮新興里16鄰新生路74號,192680.74,2622822.46
42,122020517,衛生福利部嘉義醫院,嘉義市,中度級（不含高危險妊娠孕產婦及新生兒照護品質）急救責任醫院,嘉義市西區北港路312號,中度,2,嘉義市西區北港路312號,嘉義市西區福安里11鄰北港路312號,191681.505,2597681.894
39,439010518,國立臺灣大學醫學院附設醫院雲林分院虎尾院區,雲林縣,一般級急救責任醫院,雲林縣廉使里學府路95號,一般,1,雲林縣廉使里學府路95號,雲林縣虎尾鎮廉使里19鄰學府路95號,191210.07,2625978.1
43,622020017,臺中榮民總醫院嘉義分院,嘉義市,中度級（不含高危險妊娠孕產婦及新生兒照護品質）急救責任醫院,嘉義市西區劉厝里世賢路二段600號,中度,2,嘉義市西區劉厝里世賢路二段600號,嘉義市西區劉厝里20鄰世賢路二段600號,191052.346,2596176.055
20,1137020511,秀傳醫療財團法人彰濱秀傳紀念醫院,彰化縣,中度級急救責任醫院具備急性腦中風、緊急外傷及高危險妊娠孕產婦及新生兒（含早產兒）重度級能力,彰化縣鹿港鎮鹿工路6號、6-2號,中度,2,彰化縣鹿港鎮鹿工路6號、6-2號,彰化縣鹿港鎮海埔里18鄰鹿工路6號,190122.05,2663817.38
76,1542050056,建佑醫院,高雄市,一般級急救責任醫院,高雄市林園區東林西路360號,一般,1,高雄市林園區東林西路360號,高雄市林園區廣應里7鄰東林西路360號,186894.255,2489473.391
82,1542061148,瑞生醫院,高雄市,一般級急救責任醫院,高雄市大寮區鳳林四路192號　　,一般,1,高雄市大寮區鳳林四路192號　　,高雄市大寮區中興里5鄰鳳林四路192號,186765.02,2502080.54
22,1137080017,彰化基督教醫療財團法人二林基督教醫院,彰化縣,中度級（不含高危險妊娠孕產婦及新生兒照護品質）急救責任醫院,彰化縣二林鎮南光里大成路一段558號,中度,2,彰化縣二林鎮南光里大成路一段558號,彰化縣二林鎮南光里25鄰大成路一段558號,185171.534,2643386.539
84,1107120017,義大醫療財團法人義大癌治療醫院,高雄市,一般級急救責任醫院,高雄市燕巢區角宿里義大路21號,一般,1,高雄市燕巢區角宿里義大路21號,高雄市燕巢區角宿里20鄰義大路21號,184818.936,2518479.062
65,1142120001,義大醫療財團法人義大醫院,高雄市,重度級急救責任醫院,高雄市燕巢區角宿里義大路1號,重度,3,高雄市燕巢區角宿里義大路1號,高雄市燕巢區角宿里20鄰義大路1號,184735.44,2518459.04
69,1102110011,高雄市立小港醫院(委託財團法人私立高雄醫學大學經營),高雄市,中度級（不含高危險妊娠孕產婦及新生兒照護品質）急救責任醫院,高雄市小港區山明里山明路482號B1-10樓,中度,2,高雄市小港區山明里山明路482號B1-10樓,高雄市小港區山明里20鄰山明路482號,184530.425,2496528.413
79,1142010518,高雄市立鳳山醫院（委託長庚醫療財團法人經營）,高雄市,一般級急救責任醫院,高雄市鳳山區經武路42號,一般,1,高雄市鳳山區經武路42號,高雄市鳳山區新興里16鄰經武路42號,184498.68,2503344.29
73,1542010052,大東醫院,高雄市,一般級急救責任醫院,高雄市鳳山區光遠路171-2號,一般,1,高雄市鳳山區光遠路171-2號,高雄市鳳山區三民里17鄰光遠路171之2號,184418.323,2502939.445
63,1142100017,長庚醫療財團法人高雄長庚紀念醫院,高雄市,重度級急救責任醫院,高雄市鳥松區大埤路123號,重度,3,高雄市鳥松區大埤路123號,高雄市鳥松區鳥松里41鄰大埤路123號,183814.98,2505653.7
72,502080015,國軍高雄總醫院附設民眾診療服務處,高雄市,中度級急救責任醫院（不含高危險妊娠孕產婦及新生兒照護品質）及具備急性冠心症重度級能力,高雄市苓雅區建軍路5號,中度,2,高雄市苓雅區建軍路5號,高雄市苓雅區正義里5鄰建軍路5號,182364.735,2503135.868
60,141060513,衛生福利部臺南醫院新化分院,臺南市,一般級急救責任醫院具備急診中度級能力,臺南市新化區那拔里牧場72號,一般,1,臺南市新化區那拔里牧場72號,臺南市新化區(那)拔里9鄰牧場72號,182003.93,2551357.25
74,1542011282,杏和醫院,高雄市,一般級急救責任醫院,高雄市鳳山區五甲二路389號、470號1樓,一般,1,高雄市鳳山區五甲二路389號、470號1樓,高雄市鳳山區富榮里2鄰五甲二路389號,181691.795,2499882.224
80,1502040021,健仁醫院,高雄市,一般級急救責任醫院,高雄市楠梓區楠陽路136號、朝明路130巷7弄1號1-5樓,一般,1,高雄市楠梓區楠陽路136號、朝明路130巷7弄1號1-5樓,高雄市楠梓區中陽里3鄰楠陽路138巷1號,181042.352,2513833.178
55,1141090512,奇美醫療財團法人柳營奇美醫院,臺南市,中度級（不含高危險妊娠孕產婦及新生兒照護品質）急救責任醫院,臺南市柳營區太康里201號,中度,2,臺南市柳營區太康里201號,臺南市柳營區太康里13鄰太康201號,180921.27,2576476.3
77,1107350015,天主教聖功醫療財團法人聖功醫院,高雄市,一般級急救責任醫院,高雄市苓雅區建國一路352號,一般,1,高雄市苓雅區建國一路352號,高雄市苓雅區民主里3鄰建國一路352號,180507.205,2503815.902
83,102080017,高雄市立民生醫院,高雄市,一般級急救責任醫院,高雄市苓雅區凱旋二路134號,一般,1,高雄市苓雅區凱旋二路134號,高雄市苓雅區奏捷里16鄰凱旋二路134號,180484.238,2503082.17
62,602030026,高雄榮民總醫院,高雄市,重度級急救責任醫院,高雄市左營區大中一路386號,重度,3,高雄市左營區大中一路386號,高雄市左營區福山里19鄰大中一路386號,180357.98,2508753.116
59,141010013,衛生福利部新營醫院,臺南市,一般級急救責任醫院,臺南市新營區信義街73號,一般,1,臺南市新營區信義街73號,臺南市新營區民權里5鄰信義街70之2號,179916.27,2578535.52
37,1339060017,中國醫藥大學北港附設醫院,雲林縣,中度級急救責任醫院（不含高危險妊娠孕產婦及新生兒照護品質）及具備急性腦中風重度級能力,雲林縣北港鎮新德路123號,中度,2,雲林縣北港鎮新德路123號,雲林縣北港鎮新街里5鄰新德路123號,179354.996,2609983.996
64,1302050014,財團法人私立高雄醫學大學附設中和紀念醫院,高雄市,重度級急救責任醫院,高雄市三民區十全一路100號,重度,3,高雄市三民區十全一路100號,高雄市三民區安生里11鄰十全一路100號,179081.914,2505157.951
66,902080013,阮綜合醫療社團法人阮綜合醫院,高雄市,中度級（不含高危險妊娠孕產婦及新生兒照護品質）急救責任醫院,高雄市苓雅區成功一路162號,中度,2,高雄市苓雅區成功一路162號,高雄市苓雅區鼓中里5鄰成功一路162號,177768.882,2501886.87
75,1502081175,邱外科醫院,高雄市,一般級急救責任醫院,高雄市苓雅區成功一路137號1-6樓,一般,1,高雄市苓雅區成功一路137號1-6樓,高雄市苓雅區苓雅里2鄰成功一路137號,177760.98,2501784.867
68,102070020,高雄市立大同醫院(委託財團法人私立高雄醫學大學附設中和紀念醫院經營),高雄市,中度級（不含高危險妊娠孕產婦及新生兒照護品質）急救責任醫院,高雄市前金區中華三路68號,中度,2,高雄市前金區中華三路68號,高雄市前金區復元里12鄰中華三路68號,177757.201,2503150.05
78,942020019,高雄市立岡山醫院（委託秀傳醫療社團法人經營）,高雄市,一般級急救責任醫院,高雄市岡山區壽天路12號　,一般,1,高雄市岡山區壽天路12號　,高雄市岡山區岡山里26鄰壽天路12號,177562.575,2521934.454
71,502030015,國軍高雄總醫院左營分院附設民眾診療服務處,高雄市,中度級（不含高危險妊娠孕產婦及新生兒照護品質）急救責任醫院,高雄市左營區軍校路553號,中度,2,高雄市左營區軍校路553號,高雄市左營區合群里30鄰軍校路553號,177284.546,2511276.137
67,102020011,高雄市立聯合醫院,高雄市,中度級急救責任醫院（不含高危險妊娠孕產婦及新生兒（含早產兒））,高雄市鼓山區中華一路976號,中度,2,高雄市鼓山區中華一路976號,高雄市鼓山區龍水里7鄰中華一路976號,177203.76,2506256.17
45,1140010510,長庚醫療財團法人嘉義長庚紀念醫院,嘉義縣,重度級急救責任醫院,嘉義縣朴子市仁和里嘉朴路西段6號、8號,重度,3,嘉義縣朴子市仁和里嘉朴路西段6號、8號,嘉義縣朴子市仁和里13鄰嘉朴路西段6號,176857.96,2595935.97
81,542020011,國軍高雄總醫院岡山分院附設民眾診療服務處,高雄市,一般級急救責任醫院,高雄市岡山區大義二路1號,一般,1,高雄市岡山區大義二路1號,高雄市岡山區信義里11鄰大義二路1號,176678.93,2521146.24
85,1307370011,高雄市立旗津醫院(委託財團法人私立高雄醫學大學經營),高雄市,一般級急救責任醫院,高雄市旗津區旗港路33號B1-4樓,一般,1,高雄市旗津區旗港路33號B1-4樓,高雄市旗津區南汕里3鄰旗港路33號,176494.581,2499083.207
57,641310018,高雄榮民總醫院臺南分院,臺南市,一般級急救責任醫院,臺南市永康區復興路427號,一般,1,臺南市永康區復興路427號,臺南市永康區復興里1鄰復興路427號,172119.88,2544176.74
47,140010028,衛生福利部朴子醫院,嘉義縣,一般級急救責任醫院,嘉義縣朴子市永和里42-50號,一般,1,嘉義縣朴子市永和里42-50號,嘉義縣朴子市永和里5鄰(應)菜埔42之50號,171809.96,2595920.67
54,1105040016,台灣基督長老教會新樓醫療財團法人麻豆新樓醫院,臺南市,中度級急救責任醫院,臺南市麻豆區小埤里苓子林20號,中度,2,臺南市麻豆區小埤里苓子林20號,臺南市麻豆區埤頭里11鄰苓子林20號,171479.4,2564408.2
53,905320023,台南市立醫院(委託秀傳醫療社團法人經營),臺南市,中度級急救責任醫院（不含高危險妊娠孕產婦及新生兒照護品質）,臺南市東區崇德路670號,中度,2,臺南市東區崇德路670號,臺南市東區崇成里18鄰崇德路670號,170711.66,2541007.74
61,1305370013,臺南市立安南醫院-委託中國醫藥大學興建經營,臺南市,中度級急救責任醫院（不含高危險妊娠孕產婦及新生兒照護品質）,臺南市安南區長和路二段66號,中度,2,臺南市安南區長和路二段66號,臺南市安南區州南里13鄰長和路二段66號,170403.622,2551607.122
38,1139130010,長庚醫療財團法人雲林長庚紀念醫院,雲林縣,一般級急救責任醫院具備急診及加護病房中度級能力,雲林縣麥寮鄉中興村工業路1500號,一般,1,雲林縣麥寮鄉中興村工業路1500號,雲林縣麥寮鄉中興村5鄰工業路1500號,170345.71,2632559.854
49,1141310019,奇美醫療財團法人奇美醫院,臺南市,重度級急救責任醫院,臺南市永康區中華路901號,重度,3,臺南市永康區中華路901號,臺南市永康區甲頂里9鄰中華路901號,170245.28,2546776.73
50,421040011,國立成功大學醫學院附設醫院,臺南市,重度級急救責任醫院,臺南市北區勝利路138號,重度,3,臺南市北區勝利路138號,臺南市北區仁愛里1鄰勝利路138號,169961.01,2544740.99
51,1121010018,台灣基督長老教會新樓醫療財團法人台南新樓醫院,臺南市,中度級急救責任醫院（不含高危險妊娠孕產婦及新生兒照護品質）,臺南市東區東門路一段57號,中度,2,臺南市東區東門路一段57號,臺南市東區東門里6鄰東門路一段57號,169294.84,2543299.08
52,1521031104,郭綜合醫院,臺南市,中度級急救責任醫院及具備高危險妊娠孕產婦及新生兒（含早產兒）重度級能力,臺南市民生路2段6.8.10.12.14.18.20.22.23.24.25.27.44號及40、42號1、2樓,中度,2,臺南市東區東門路一段57號,臺南市東區東門里6鄰東門路一段57號,169294.84,2543299.08
56,121050011,衛生福利部臺南醫院,臺南市,中度級（不含高危險妊娠孕產婦及新生兒照護品質）急救責任醫院,臺南市中西區中山路125號,中度,2,臺南市中西區中山路125號,臺南市中西區赤嵌里3鄰中山路125號,168915.27,2544208.74
58,1105050012,奇美醫療財團法人佳里奇美醫院,臺南市,中度級急救責任醫院（不含高危險妊娠孕產婦及新生兒（含早產兒））,臺南市佳里區興化里606號,中度,2,臺南市佳里區興化里606號,臺南市佳里區興化里16鄰佳里興606號,166425.75,2564637.82
159,291010010,連江縣立醫院,連江縣,一般級及具備急診、重大外傷中度級能力,連江縣南竿鄉復興村217號 　,一般,1,連江縣南竿鄉復興村217號 　,連江縣南竿鄉復興村13鄰217號,144943.652,2894789.675
112,544010031,三軍總醫院澎湖分院附設民眾診療服務處,澎湖縣,中度級急救責任醫院,澎湖縣馬公市前寮里90號1-5樓,中度,2,澎湖縣馬公市前寮里90號1-5樓,澎湖縣馬公市前寮里3鄰前寮90號,105399.743,2606413.812
113,144010015,衛生福利部澎湖醫院,澎湖縣,中度級（不含高危險妊娠孕產婦及新生兒照護品質）急救責任醫院,澎湖縣馬公市中正路10號,中度,2,澎湖縣馬公市中正路10號,澎湖縣馬公市啟明里10鄰中正路10號,103546.423,2607533.027
158,190030516,衛生福利部金門醫院,金門縣,中度級急救責任醫院,金門縣金湖鎮復興路2號,中度,2,金門縣金湖鎮復興路2號,金門縣金湖鎮新市里2鄰復興路2號,-11871.719,2706255.203
